{"loss": 0.07924068719148636, "_timestamp": 1607297486, "learning_rate": 0.01, "_runtime": 95, "_step": 0, "accuracy": 0.6666666666666666}