{"loss": 0.00024911630316637456, "_runtime": 10191, "learning_rate": 0.003138105960900002, "_timestamp": 1609325572, "accuracy_train": 1.0, "_step": 165000, "accuracy_val": 0.7142857142857143}