{"_step": 122000, "learning_rate": 0.004782969000000002, "_timestamp": 1608247705, "accuracy": 0.5714285714285714, "_runtime": 6342, "loss": 0.000296675629215315}