{"_timestamp": 1607295657, "learning_rate": 0.01, "_runtime": 456, "_step": 4, "accuracy": 0.5555555555555556, "loss": 0.00018369582539889961}