{"_step": 89, "loss": 0.00018996285507455468, "_runtime": 43404, "_timestamp": 1607342839, "accuracy": 0.7777777777777778, "learning_rate": 0.003874204890000002}