{"_step": 101, "accuracy": 0.5555555555555556, "loss": 8.637564314994961e-05, "learning_rate": 0.003486784401000002, "_runtime": 82808, "_timestamp": 1606985390}